Name, Age, City, Email
John Doe, 29, New York, john.doe@email.com
Jane Smith, 34, Los Angeles, jane.smith@email.com
Mark Johnson, 45, Chicago, mark.johnson@email.com
Emily Davis, 22, Houston, emily.davis@email.com
Michael Brown, 38, Phoenix, michael.brown@email.com
Sarah Wilson, 26, Philadelphia, sarah.wilson@email.com
David Moore, 41, San Antonio, david.moore@email.com
Sophia Taylor, 30, San Diego, sophia.taylor@email.com
James Anderson, 50, Dallas, james.anderson@email.com
Isabella Thomas, 28, Austin, isabella.thomas@email.com
